Axe 1,Axe 2,Target
-11.384662,43.4043,1
6.717488,-34.511562,0
-9.679765,1.0147139,1
-7.53187,-41.026775,0
-14.043266,-12.273164,0
-13.905015,-20.984858,0
-22.253698,-5.099591,0
-18.533228,-6.9305573,0
19.84488,-14.5973,0
30.432209,3.187532,0
-12.165785,-12.464633,0
-15.921448,-18.322859,0
3.4459293,-29.24458,0
-9.368536,-12.3845,0
-19.454266,-19.104725,1
20.704056,-21.623743,0
1.8423479,-29.992582,0
-0.46065006,-15.146931,0
9.537094,16.85642,0
-14.047122,-30.887321,0
10.94593,-13.986988,0
-4.614969,60.70708,1
50.658337,-5.8992596,0
-14.397992,-29.72374,0
-16.127052,-36.358185,1
8.36586,7.178628,0
-20.946476,-29.190165,1
9.837979,40.192776,0
29.926258,5.6113544,0
5.3225765,17.75056,0
-14.246486,-16.077389,0
8.678659,-0.26693586,0
-12.091893,-16.851805,0
-8.214621,69.14789,1
-4.527079,-38.6542,1
0.2708721,-32.45531,0
-1.4239895,63.048626,1
-3.122031,63.790867,0
-2.0731943,-29.567173,0
-2.8016007,40.302696,0
-10.520389,1.707325,0
-16.577932,-8.314829,0
-19.26886,-18.914268,1
-6.0474753,41.98106,0
-11.662971,-22.79575,0
52.286575,0.33380383,1
12.011919,32.59397,0
-27.194675,-12.40307,0
2.5891597,44.41865,0
-18.130945,-13.122447,0
-19.464172,-15.789521,1
-25.469383,-22.185926,1
15.467992,39.888943,0
30.970291,0.270157,0
11.146544,43.13952,0
50.217403,-4.8576717,0
-1.7379906,24.258226,0
-12.33671,-8.791925,0
-19.585533,-7.3807154,0
19.877634,-22.572372,0
14.987509,-18.138174,0
-9.19962,-22.038721,0
53.492733,-1.8271753,0
3.8252103,33.08307,0
22.24898,7.850025,0
4.143488,13.741646,0
21.115202,-27.434156,0
0.6895493,-28.217482,0
-1.7565181,-37.647343,0
-4.3868017,-38.56527,1
-12.827895,40.69959,0
-26.936256,-10.905254,0
-13.414487,-36.030506,0
-4.221222,-28.769743,0
-18.91071,-12.243893,0
18.100576,-15.15872,0
6.172584,41.709896,0
56.141907,-11.058847,0
51.96191,-7.440281,0
-40.409863,10.63867,0
-20.963995,-12.970575,0
-13.694781,-35.89021,0
3.403596,37.466248,0
-1.257111,-20.799482,0
15.860721,-20.258814,0
26.97236,-24.250177,0
-7.7607126,67.61113,0
-21.009155,-7.3117824,0
26.542994,5.005696,0
-12.370378,36.54348,1
30.332535,9.101631,0
3.0521574,42.237137,0
-2.6544197,36.37618,0
30.571405,7.3579373,0
-7.619612,37.887806,0
57.932343,-5.115083,0
-12.151815,15.757967,0
-8.20164,27.595154,0
12.606743,18.243837,0
-1.3441536,-10.459365,0
-34.523006,16.592905,1
-13.3062525,-32.967598,0
-15.633846,-21.240417,1
-5.6350956,0.68408877,0
19.840939,-2.8410718,0
-28.206118,17.431484,0
57.559273,-7.6930656,0
6.6370163,49.159035,1
-6.0361533,-33.098827,0
-13.606065,-16.961058,0
28.764866,10.186867,0
-20.968126,-25.711996,1
-28.071527,17.332684,0
-17.243904,-13.086872,0
-0.8655911,-28.703152,0
-9.193646,39.28972,0
8.00484,11.953422,0
-13.154748,32.681812,0
-18.530807,-6.5156217,0
12.338583,10.002808,0
5.4887304,-33.122578,0
10.762243,33.391354,0
-1.5360532,-42.455772,1
55.270893,-0.4704855,0
-0.5104642,27.93481,1
-4.2339005,0.12028338,0
32.25243,7.1262836,1
-2.0424626,64.72928,1
-28.483574,-20.282257,0
22.755638,-21.47096,0
-8.992342,-38.965755,0
4.5079203,44.771057,0
-0.6374255,30.4208,1
0.99907917,33.53673,0
-42.188263,9.158438,0
13.97778,-22.843803,0
21.665615,-27.784504,1
-4.3493605,29.103493,0
-1.6147349,32.23937,0
-32.537624,14.661733,0
-21.502237,-3.1072958,1
-9.907154,-35.296665,0
-30.101826,-31.636179,0
-11.635703,-30.921976,0
-1.2506878,43.15832,0
-29.436777,-26.106989,0
-13.768504,-16.007645,0
10.697637,10.659224,0
-20.96439,-8.196028,0
-13.363993,-15.921565,0
-3.3268712,-20.472944,0
11.251327,39.736282,0
-1.3463731,61.173798,0
-6.0772467,-16.203402,0
3.822445,44.515274,0
26.429743,-16.426668,0
15.585783,-20.081682,0
-26.083054,-7.50944,0
9.52699,37.756615,0
0.7092444,64.02161,0
-28.931293,-10.724838,0
2.389287,-20.601662,0
-5.560664,-34.217663,0
22.094662,1.7589992,0
1.8796809,-20.719723,0
6.3781767,12.469947,0
2.1112022,-27.240507,0
-4.4440827,30.05948,0
-12.536446,39.44487,0
-16.935371,-29.579578,0
-30.692724,-28.536757,0
-5.2435,70.36752,1
-13.116891,-21.035849,0
-3.4681854,-14.334824,0
0.8019928,33.0578,0
-0.060850386,-28.529226,0
-12.778223,-29.93274,0
-21.5575,-23.942902,1
13.87896,35.189976,0
-17.510572,-16.24929,0
-28.998331,-8.214581,0
-10.9887085,-34.808453,0
-2.172599,62.156364,1
-13.0962515,-10.734081,0
13.792116,-25.825361,0
-7.608941,-33.648666,0
10.102953,12.9646015,0
55.63647,-1.6625912,0
20.228176,-29.14323,0
28.289845,-3.2274547,0
12.562461,14.177474,0
-11.795703,-35.352245,0
13.1984,-20.851833,1
0.8422718,-21.178595,0
15.085014,11.640336,0
-4.1675925,-27.621119,0
-12.475104,-19.845495,0
11.521122,-14.810953,0
18.206203,-22.615555,0
25.930994,-18.097849,0
20.837193,-30.57424,0
15.641647,-12.623346,0
1.5931066,-36.37709,0
-13.174925,-8.271699,0
31.893429,1.2282194,1
15.943068,38.079834,1
0.317621,-30.16678,0
-11.609805,-21.286964,0
17.046349,-2.7433162,0
24.157139,-0.3794366,0
-0.89484894,27.146435,1
17.198145,-13.650761,0
-6.150661,41.981693,0
54.142002,-5.9665275,0
-26.881826,-27.252193,1
5.4823375,14.078867,0
3.967412,47.1252,1
-27.67466,-28.519613,1
-10.876992,25.049614,0
9.767583,41.07227,0
-15.849381,-16.069279,0
-27.440706,-8.869432,0
55.168503,-12.019972,0
2.855817,31.196167,0
11.703652,-16.626678,0
-9.229289,-27.376537,0
1.2041937,63.960114,0
-4.729515,38.886158,0
3.771343,44.221165,0
-17.452518,-36.708157,1
-18.05072,-15.323056,0
11.071477,13.420407,0
-39.73031,10.39469,0
4.342255,14.489249,0
-20.858147,-21.16599,1
6.6192694,19.24188,0
-21.571272,-3.0790596,1
14.26196,13.034646,0
-7.240038,64.63584,0
-21.199324,-19.264107,1
-10.340305,-6.9097605,0
11.037083,33.18827,0
0.92596734,-28.427668,0
2.4682434,-26.247461,0
7.817026,6.508643,0
51.862915,-9.29291,0
-6.7451625,-30.621193,0
20.657108,-20.61727,0
-4.724678,-33.60564,0
21.995407,-29.013617,0
14.776709,-28.32536,1
29.243587,10.078648,0
-12.636819,-29.560999,0
-11.054683,-32.467648,0
11.635041,45.64055,0
17.87591,-21.19092,0
-8.96089,-15.01828,0
52.605804,-2.9032495,0
-6.6566405,-31.402946,0
-14.519255,-23.950142,1
-22.503855,-9.560834,0
-7.2081304,25.525358,0
-26.703585,-24.803694,0
2.112787,15.747587,0
-21.093632,-18.226492,1
-6.165735,33.52849,0
29.781136,3.8870416,0
20.36091,-3.5091882,0
29.09202,5.2638464,0
-5.925057,-13.501576,0
12.449793,16.973919,0
11.537133,8.372123,1
-27.911854,-10.136756,0
-7.7669263,33.51806,0
-14.270474,-36.13012,0
50.89186,-9.301141,0
5.863749,11.656925,0
-17.086096,31.794643,0
16.532133,-31.258976,0
54.30036,-4.878479,0
54.658024,-8.327305,0
-3.7809687,27.365,0
-5.5161004,42.588,0
-12.823495,-5.213922,0
30.625387,0.4924115,0
-3.9565873,-24.421602,0
-20.314003,-22.953022,1
21.463419,0.13009045,0
-23.52788,-19.163296,1
-17.9718,-30.914457,0
58.13946,-6.8387337,0
-28.279772,-27.846317,0
0.5100533,65.26065,0
6.7891526,49.589764,1
-1.2152991,-38.194828,0
6.8940563,37.846058,0
-20.012253,-18.203053,1
10.2845545,39.168156,0
-15.055006,-6.353109,0
14.941366,-24.137043,0
10.563896,16.668276,0
-5.2746224,65.09619,0
29.518015,-1.8455753,0
-12.698843,31.179745,0
23.37166,7.2134595,0
-0.5883327,-10.220986,0
-2.8471446,29.428602,0
53.462097,-6.3630104,0
19.552526,-2.4742846,0
-30.450394,-28.44081,0
-33.62856,15.113306,0
-5.003025,-17.4668,0
0.46704385,-30.461405,0
10.488087,10.61276,0
10.271364,12.813065,0
-10.496633,-21.574886,0
19.399635,3.686542,0
-3.3978188,-33.563477,1
-11.345896,-31.994059,0
-10.583433,30.9647,0
-9.253984,39.711044,0
13.083305,46.101624,0
-8.885142,-36.702084,0
-5.543455,-38.938927,1
-7.5969143,-33.599796,0
20.453976,-15.42527,0
11.018909,12.016795,0
-5.415636,35.897324,1
3.4565418,45.46006,0
55.7529,-6.2496376,0
-7.1078196,-19.77095,0
9.676615,33.106987,0
-8.641543,-39.710445,0
26.867603,0.83339334,0
-4.4539976,3.2257304,0
-5.799522,33.54041,0
-10.186894,-0.09147583,1
-8.532021,0.1870957,0
13.54075,45.932114,0
11.721707,39.48372,0
14.018323,-24.37059,0
50.077126,-3.1912885,0
22.823107,-23.89374,0
14.721906,46.067265,0
26.489508,-20.985971,0
3.432535,-29.414394,0
16.996634,-25.091496,0
-8.627826,65.54945,0
51.37302,-7.4334507,0
-7.878761,27.471777,0
-38.703365,7.870763,0
-12.099773,-12.860123,0
1.3726207,10.84374,0
0.9598738,-25.997892,0
-14.061786,27.486904,0
-3.2772188,29.383043,0
7.3405914,1.7802554,0
-5.51617,69.73846,1
-10.587924,36.448288,0
-3.340886,43.002403,0
28.20767,1.7756209,0
-19.729977,-12.630177,0
-10.625761,61.675354,0
-2.2217202,65.90523,1
-21.048132,-4.8459253,0
11.759479,-16.515717,0
2.9107096,45.499203,1
19.61931,3.7701528,0
14.77694,41.87096,1
-14.569082,-31.07452,0
-3.9227967,65.977234,1
-14.292266,-29.457766,0
26.475548,-4.442709,0
-9.33121,-12.713874,0
-7.847854,40.02875,0
7.3310785,1.9557205,0
-3.996532,30.724037,0
-5.4951453,-30.729883,0
3.3264785,49.17306,1
5.8849025,13.305932,0
11.856554,46.306934,0
-7.6774745,67.37762,0
-27.641214,-31.057116,1
-6.790398,-34.90263,0
-6.519005,32.365524,0
-28.296057,-32.40618,1
-5.08464,-15.9001465,0
13.640529,44.097103,0
-16.727528,-8.411784,0
19.28068,-25.273918,0
51.721535,-2.8676488,0
-21.136124,-4.9938016,0
55.335888,-7.7084365,0
8.8484745,34.765476,0
22.429697,-21.605406,0
-15.418456,-5.4473934,0
8.694629,-0.5042639,0
-9.75406,39.990158,0
-0.85285866,-19.22365,0
-16.681637,-12.190462,0
11.722178,10.305847,0
4.8430357,28.478254,0
-12.223829,32.935043,0
9.571775,39.95431,0
-9.134676,-12.700938,0
-14.436399,-12.953306,1
16.383772,-23.980238,0
-26.268833,-11.021124,0
7.0212355,13.638644,0
3.5322466,-38.064827,0
17.845142,-15.452648,0
11.786841,14.515972,0
13.82899,-25.436777,0
23.32169,4.494731,0
-5.678588,69.5109,1
0.43418548,65.653175,1
-22.27012,-9.99503,0
9.548789,16.672466,0
5.4872746,-30.45273,0
0.8575764,-11.775463,0
52.189598,-6.2141886,0
-29.929432,-24.400963,1
-38.9789,7.020104,1
-8.717,19.95918,0
4.1836348,17.615328,0
12.611277,14.023709,0
-3.317822,-9.98971,0
6.6526365,37.677464,0
13.5021715,-24.152096,0
55.690136,-6.972248,0
-16.334887,-17.947906,0
-18.070538,-15.4609375,0
-1.0475707,-27.141747,0
10.311074,42.879646,0
15.865215,-30.51797,0
9.223515,11.973167,1
-7.8614025,-6.965907,1
-2.946656,64.71371,0
26.122225,2.9092357,0
24.242247,2.422973,1
-35.438,16.121765,1
-8.121363,3.9162035,0
-10.661857,25.781578,0
-25.17483,-23.741608,1
11.4852705,38.562557,0
9.883544,17.707905,0
-9.047592,24.478811,0
9.284919,38.060642,0
24.503136,-23.918776,0
-9.80528,-19.448875,0
-9.72882,40.622242,0
16.179096,-18.164516,0
-10.771716,17.492712,0
-40.68148,7.073787,1
28.24325,-19.750443,0
51.72391,-8.87753,0
1.8013872,12.268379,0
-1.629128,66.987206,1
-8.830863,20.583902,0
8.850465,-1.6979496,0
0.38105592,37.32693,0
-8.4542675,36.601353,0
-7.926342,40.812202,0
-25.45739,-21.711735,1
26.669104,-20.747564,0
29.150902,0.31989068,0
8.77734,16.610205,0
-11.004105,26.356884,0
1.3371208,-25.661177,0
-8.455171,19.096363,1
-9.788119,65.79007,0
28.522774,0.77351415,0
18.418264,-21.84698,0
51.723602,-2.2686474,0
-5.0893106,-35.590885,0
15.645531,37.65997,0
-9.368923,3.9558637,0
14.014158,15.809197,0
-7.683998,63.743572,0
-17.769878,-21.361763,1
-4.023525,68.944954,1
-7.041,-28.83592,0
-1.6467596,35.296135,1
-8.702918,0.14772785,0
-16.962133,31.623281,0
1.623076,-32.68131,0
10.990187,42.40602,0
-13.923635,-33.002472,0
25.296978,1.3883106,0
55.558537,-11.353955,0
-12.732818,-33.01118,0
-5.406716,-18.895325,0
6.935014,13.455173,0
-40.53855,8.984609,0
-8.581004,67.85289,0
-1.1480311,65.00472,1
-7.052185,67.66451,0
7.493862,6.1645265,0
-28.379057,-10.2596855,0
11.599315,45.80185,0
-7.6352854,-30.373493,0
1.5409728,-34.708332,0
-11.322376,35.002914,0
-4.295678,-25.73133,0
-0.8153073,40.69848,1
-19.427202,-12.758136,0
8.230269,-6.570521,0
-6.027967,35.120705,0
-4.230106,-24.206167,0
25.81728,8.428717,0
-39.682426,11.0149555,0
14.723623,-23.747732,0
-13.520784,-38.44018,0
-17.481316,-36.771835,1
-6.5951643,-42.6408,1
1.113293,-13.398171,0
-7.5028386,-35.393517,0
-4.2733307,32.79987,0
3.8869448,41.76008,0
4.2038856,-33.91283,0
8.8261795,40.98209,0
-4.092541,37.267635,0
-12.643373,-29.754223,0
-7.3928356,-10.374229,0
29.858229,-2.4274952,0
-12.155901,42.67023,1
20.822845,6.24248,0
5.4217796,42.381336,0
-13.77818,33.010586,1
25.819284,-1.9904132,0
19.571758,-20.973804,0
50.57765,-5.818734,0
6.176734,42.906757,0
-1.452441,24.070593,0
55.341103,-6.773785,0
-27.462786,16.36495,0
6.6929526,45.24816,0
16.521029,-30.977919,0
-27.679173,16.5283,0
-0.1704703,63.28515,0
-16.100748,-32.944416,1
49.191895,-8.221512,0
18.47064,-24.63803,0
-1.7835143,-11.65272,0
4.8160763,28.36223,0
16.750067,39.345894,0
-6.372582,65.53538,0
1.1487569,-37.17737,1
-1.8676175,39.621296,0
28.467394,-1.6167387,0
-13.423732,-12.638026,0
-32.416534,15.187098,0
28.670828,1.9180462,0
-17.916042,-31.905153,0
30.13142,-3.369884,0
-0.57647854,64.22431,0
-16.913586,-15.622301,0
19.935188,-3.5874307,0
-5.9468427,-11.82923,0
-3.9768407,-36.933445,0
15.9717865,-22.442217,0
8.057921,19.46708,0
-5.9364567,1.4473299,1
-7.571626,35.58573,0
-6.6324553,67.77352,0
-14.739496,-37.61385,0
-8.190714,43.708652,1
-10.355722,16.412386,0
4.27571,12.699428,1
-8.788269,25.658226,0
0.19176115,-18.815237,0
-7.269645,-20.040506,0
30.613554,2.9013898,0
-15.26975,35.252945,1
-12.069414,-31.599785,0
14.325595,-26.15718,0
9.376863,46.2949,0
0.5769682,-29.482664,0
24.456337,-25.232626,0
-12.393115,-35.207577,0
-6.9265504,62.39549,0
-20.376322,-8.201512,0
27.895409,8.8428755,0
-3.1041772,32.204594,0
12.232677,11.712294,0
-21.12419,-9.253472,1
0.22584817,-14.227805,0
-21.035244,-6.776188,0
54.86165,-7.5189366,0
-23.412693,-16.766695,1
52.160263,-5.741616,0
4.9904933,47.803936,1
8.295636,7.019586,0
8.114484,-6.660866,0
-26.69587,-11.484862,0
55.21891,-0.4582273,1
-11.978216,-31.968185,0
17.787949,-23.306767,0
-12.856219,-36.967888,1
-33.586994,15.60426,0
21.53521,-20.245134,0
-12.564816,-19.564524,0
16.985914,-15.974448,0
-13.280469,-31.886194,0
20.778069,-19.215448,0
23.198803,-1.699527,0
-8.523029,-40.028008,0
12.123434,38.236717,1
-12.398665,36.543034,1
53.944077,-7.144101,0
49.69207,-2.8065898,0
8.980857,-6.2129784,0
13.723038,38.122635,0
-33.113766,14.647063,0
-4.2120004,-40.370926,1
1.3239121,-16.708183,0
7.398519,19.317705,0
27.6483,-1.9173641,0
-15.3811655,-37.735996,0
-17.02937,31.688805,0
-10.947425,-34.76196,0
-4.337027,28.300743,0
0.3433514,34.916992,0
-0.28180695,-35.34119,0
9.298678,42.575825,0
14.370001,44.92154,0
-6.1176076,-34.57075,0
21.63946,-14.688919,0
12.076976,45.17816,0
-38.805534,8.63442,0
18.662699,-17.127626,0
-21.953602,-8.311914,0
-11.485723,-39.635,0
-41.746292,9.064969,0
-11.059418,17.222673,0
21.763683,-16.707134,0
3.3787663,-38.92499,1
0.022679668,-14.029391,0
13.300971,40.392162,0
-30.342602,-26.994005,0
1.1217706,-11.986545,0
-4.1456285,40.082832,0
-0.9053136,63.27556,0
-19.88774,-12.659834,0
-4.439585,-30.64273,0
-4.2406073,62.336308,1
8.981477,42.28742,0
25.930084,-18.312117,0
-9.698405,65.55289,0
55.78233,-3.6439357,0
24.807426,1.8789846,0
13.702456,38.024914,0
-9.879971,25.881485,0
13.669205,12.814882,0
-41.013313,9.750539,0
-33.946854,16.419073,0
-21.66239,-23.552399,1
-8.141819,-7.251549,0
-6.3029647,-27.779064,0
-8.406837,37.355694,0
-19.075806,-22.481333,1
14.944759,-22.323236,0
-4.4528055,65.63801,1
-4.944014,-1.4371413,1
27.723242,5.1655717,0
-5.8000236,61.330048,0
13.319809,-20.84049,1
-24.126942,-17.701323,1
-0.7382117,-32.463192,0
-21.201834,-21.246202,1
-12.423747,-31.617235,0
-17.242449,-8.823895,0
-10.180136,37.433887,0
-6.622515,1.3838441,0
19.251326,3.5448198,0
-6.421103,63.09444,0
27.243744,6.225708,0
-1.9537488,2.1343267,0
-3.624644,-35.1252,0
9.610113,33.399387,0
-5.922835,0.001797418,0
51.388634,-0.5717529,0
-0.37842798,-8.361948,0
-1.3268648,63.74918,1
12.624226,44.37526,0
-4.096743,42.25256,0
-10.341899,-15.523053,0
-4.611054,-9.439338,0
-4.5849094,67.24868,1
-25.327152,-22.603416,1
31.566374,4.0610704,0
1.3231585,-36.79236,0
18.1226,-19.865648,0
-0.5638434,28.881746,1
25.031715,-2.4928284,0
0.110584445,27.25047,1
0.62525266,-11.014878,0
-9.384679,66.972984,0
-5.888436,35.099297,0
8.171276,13.315578,0
-29.60881,-31.989893,1
9.32272,14.788124,0
-11.052634,18.168118,0
-14.019311,27.459286,0
1.9409148,33.900494,0
-7.6232433,39.88638,0
-8.892266,44.700645,1
25.004408,-27.97228,0
-12.102189,27.239243,0
-20.927351,-34.417168,1
6.689913,9.534036,0
-19.767267,-31.16052,1
-11.830524,-29.917015,0
-10.32871,-7.137294,0
53.64081,-9.844302,0
9.649204,-1.4905368,0
52.824333,-3.5795958,0
-29.217838,-21.728142,0
0.56099576,-10.272191,0
-11.175255,40.800877,0
-8.717086,-31.042976,1
21.658348,-18.12192,0
-2.025094,-37.852165,0
14.320449,-24.790472,0
12.243961,-25.461151,0
-12.174027,1.5408857,1
20.721983,-29.896067,0
3.125173,-18.398777,0
26.296797,-19.123653,0
31.806856,4.3237514,0
49.557552,-5.9138894,0
-16.973497,-35.42059,1
-13.972029,-23.362326,1
16.130133,-20.439022,0
-16.302153,-12.183317,0
25.05665,-3.3486,0
26.766918,-3.3351502,0
17.004747,-25.97216,0
22.493809,-19.989273,0
17.749718,-21.188227,0
-11.398775,1.7355723,0
5.3109603,17.076769,0
-18.863691,-11.038727,0
26.913961,-24.24761,0
32.414726,1.5476989,1
30.566315,7.0621176,0
47.519207,-4.6614127,0
-10.271382,41.325375,0
-9.179345,23.338816,1
9.0852585,19.634079,1
-7.751135,30.784718,0
-6.4135847,25.876358,0
-4.783842,-15.836882,1
24.779993,-28.085554,0
-10.69446,62.071003,0
5.7634425,15.208294,0
-2.4262319,-9.984676,0
12.1043415,47.405293,0
2.0640602,15.514347,0
-39.668987,8.825306,0
7.4870734,38.010143,0
-11.071957,1.1880618,1
-5.419957,-41.895214,1
-6.7556167,62.213825,0
-8.5910635,62.487423,0
-6.365238,3.7284372,0
54.82462,-8.053612,0
8.676855,-1.2157485,0
10.32739,39.339024,0
1.9823704,-33.344223,0
53.557915,-9.62746,0
-5.6541324,29.842724,0
-2.2170963,-36.461792,0
22.83841,-23.793419,0
6.94406,10.819845,0
0.2940964,37.185387,0
-1.7554034,67.00081,1
-20.980047,-17.246305,1
6.002463,-28.616278,0
-1.6755881,-42.34755,1
32.14921,-5.3150663,1
-13.192206,-11.814375,0
7.544717,-6.3821197,0
-30.57289,-27.31802,0
27.983973,5.241976,0
27.291162,11.869404,0
1.5116609,-13.546236,0
19.68147,-29.427402,0
-5.747569,0.4608266,0
-40.24325,11.434271,1
22.02949,0.074658304,0
-15.470348,35.437,1
-21.146288,-28.890879,1
-17.385164,-9.226175,0
23.478432,-3.2117982,0
1.0367311,35.74975,0
-27.522436,-19.958866,1
-23.48441,-19.850262,1
-20.008398,-34.700283,1
10.357327,12.9460945,0
-13.43377,-23.87569,1
-8.3751135,17.757883,1
-2.797366,40.233208,0
1.8227602,-14.933851,0
5.147873,8.870907,0
-6.6775627,25.673885,0
26.76831,-3.7715824,0
14.002411,46.35496,0
5.678306,-30.223652,0
13.115562,-25.39221,0
7.125232,18.3683,0
6.187338,45.03971,0
22.803885,-29.800854,0
24.73324,10.503806,1
52.89496,-4.34491,0
-26.683243,-27.126207,0
-0.6007083,-11.534897,0
16.99996,-13.443626,0
-9.608233,65.95003,0
-5.2540455,-29.302681,0
10.053526,45.93,0
-11.812508,30.234962,0
20.75094,-27.545496,0
3.4398198,-36.00544,0
-13.937067,-18.172699,0
15.44757,-20.857681,0
-33.32294,15.9027815,0
2.5210702,-35.914356,0
-15.960797,-25.027115,1
5.3512883,47.68783,1
-19.151327,-11.51461,0
-16.644472,-22.398657,1
20.58272,0.12023986,0
-6.16495,-31.147848,0
-4.106688,33.065876,0
-39.430878,7.670532,0
-1.7669108,29.641293,1
54.296906,-3.198592,0
1.4777724,26.490873,1
6.4639297,45.0882,0
-12.9821615,-10.09669,0
-19.555954,-3.533077,0
-22.006435,-15.552902,1
-22.630804,-7.4757833,0
12.285761,40.38622,0
-1.2175077,-38.83938,0
20.07841,-22.515692,0
28.374573,9.5297575,0
-7.8840423,3.8590808,0
4.8027573,48.52608,1
-10.7861185,63.224476,0
3.006872,14.260926,0
-11.231285,-13.445092,0
-18.901115,-30.664515,0
-6.036234,-36.654312,0
21.587744,-20.297415,0
-18.165556,-18.028711,0
-15.101637,-31.297432,1
6.742598,11.879792,0
-6.2728996,-29.577686,0
-5.407163,-41.154392,1
8.397479,17.688776,0
3.6012313,-17.532858,0
-33.32318,15.391127,0
4.0181203,-20.516645,1
2.2205677,35.43986,0
-1.8695582,41.37978,0
3.7974293,9.116491,0
-10.404364,-9.72827,0
55.82589,-6.197651,0
-0.113973595,31.299402,0
-21.37042,-15.554546,1
-3.6205099,38.855377,0
-7.9812274,-14.558626,0
-6.440017,-14.762241,0
-4.596124,5.3305626,0
-2.3887298,64.436165,0
28.061188,-19.93661,0
-38.964252,11.205177,0
13.711144,47.646435,0
-8.932856,4.081456,0
-8.217453,-41.10289,0
23.977623,-16.566296,0
-6.057796,-25.452091,0
-12.87675,29.40255,0
-8.804723,39.1098,0
-27.621435,-7.6992087,0
58.51616,-7.91638,0
9.506091,35.819355,0
-4.347396,-27.506527,0
18.528856,-30.292507,0
-8.022817,-26.284214,0
-21.127752,-34.34628,1
2.7563207,-30.726713,0
55.49373,-5.1211987,0
30.490368,0.58883697,0
29.973902,-2.584253,0
-11.84203,40.140766,0
55.152885,-5.397612,0
4.108172,12.697909,0
-29.24849,-29.468246,0
-26.888344,-24.63507,0
2.6174405,-29.956959,0
22.024534,0.48655438,0
56.252796,-5.71405,0
50.25787,-3.4136298,0
-31.238432,-28.767298,0
7.387163,18.550722,0
13.294214,47.042576,0
-10.804956,-31.218763,0
-27.195795,-10.886345,0
-2.2433617,69.28449,1
-17.9301,-30.4883,0
9.040532,19.809383,1
32.03156,9.484704,0
-21.250387,-24.674002,1
6.2784047,18.01533,0
6.468009,46.893353,0
12.892961,11.260119,0
16.092438,-26.54717,0
-5.2649693,-18.743492,0
-14.246004,-21.87051,0
12.460592,12.707634,0
-41.31141,10.409871,0
-6.9546447,-28.497385,0
-6.246272,-36.766273,0
5.718632,39.65468,0
24.512602,-24.33162,0
28.969696,2.9633918,1
-15.20271,-20.192492,0
-11.541792,-20.615658,0
13.339295,-15.09695,0
-27.08955,-20.409525,1
-28.207188,-27.731636,0
-12.1175,-35.543156,0
-7.871278,33.108032,0
3.7300231,8.742124,0
9.280392,14.263224,0
2.888084,-28.107454,0
-20.574074,-14.5278635,1
-16.301426,-35.9287,1
-28.895096,-19.15526,0
21.523453,4.861591,0
-40.365444,9.518413,0
2.227809,-12.988598,0
56.6688,-6.3944783,0
6.3685503,48.981895,1
-10.287102,44.057068,1
1.8302728,8.872783,0
21.353289,-25.292269,0
-5.1259365,23.877024,0
-11.03156,24.965897,0
-2.7754023,68.32386,1
-15.744797,-13.471072,1
11.412126,9.111541,0
9.768629,13.448572,0
7.0618877,15.238146,0
3.671288,-20.323904,0
22.220821,0.8335767,0
-4.0790043,-24.512486,0
9.302703,45.241737,0
-7.836705,-41.108265,0
13.857758,16.187643,0
1.2716417,33.1033,0
-10.009159,34.70948,0
-11.014447,-11.473537,0
23.656431,-21.493822,1
-21.09269,-8.087188,0
7.8789144,38.89023,0
21.222734,-24.330032,0
-8.681632,64.298836,0
26.535942,-19.528608,0
-1.1377867,-12.960032,0
-12.181146,-10.45993,0
-5.7052627,43.646935,0
0.3397133,47.615784,1
23.167576,-18.482277,0
-35.92661,-25.293331,0
23.692059,8.61306,0
-8.86773,-10.155087,0
-2.9185622,68.893845,1
8.551653,47.963528,1
3.247564,-35.961643,0
20.798668,6.0480213,0
-1.9532086,31.706215,0
17.569563,-18.738138,1
-0.48471484,31.286829,0
7.848908,43.30336,0
3.4252844,-38.53084,0
-6.85211,-28.288591,0
-4.7339444,40.26397,0
13.374664,41.398148,0
25.540756,6.3556266,0
-2.8451018,33.223885,0
24.161657,-29.29419,0
-10.26745,-37.231888,0
10.495675,43.485466,0
-15.576733,-31.428696,1
-14.006781,-38.077744,0
-27.773096,16.573977,0
-2.9219437,2.0665028,0
-13.482128,-17.355713,0
20.886923,-27.487816,0
-28.655409,-20.438923,0
-7.8454413,0.37414443,0
-37.221954,8.447085,0
-20.771269,-26.018393,1
10.043038,-1.7432722,1
54.980698,-2.205538,0
55.09026,-8.984317,0
53.46023,-8.739931,0
6.317834,46.82084,0
-3.0192776,68.920906,1
13.67498,44.052845,0
51.273632,-7.2969384,0
-6.0290694,3.5420196,0
-15.286213,-32.86847,1
-16.797754,-13.039789,0
-17.683134,-18.174282,0
11.802722,41.222992,0
-31.459826,-27.007586,0
-6.0331297,63.769176,1
-33.169167,-23.508715,0
-25.955376,-10.123093,0
52.01323,-4.355667,0
-4.390457,35.942883,0
11.068915,41.979443,0
-16.48138,-11.282827,0
-4.9701443,-36.622868,0
-10.773023,3.4309685,0
2.6651325,31.11291,0
16.485596,45.045982,1
-21.803923,-34.00181,1
23.657743,-26.451015,1
31.88215,-1.3639714,0
-39.77282,9.931438,0
-18.556967,-22.041552,1
28.163103,-18.718138,0
14.145747,44.2532,0
-39.21547,7.0239367,1
47.939613,-6.6321626,0
-9.004167,36.13568,0
-0.9362644,-12.084082,0
55.381527,-2.397617,0
21.533072,4.6091228,0
-0.597973,-32.4058,0
-13.185149,-31.037767,0
-2.6578698,41.142147,0
-10.167465,17.603369,0
-2.6593597,32.357986,0
-11.557001,-21.230583,0
8.116191,43.797092,0
-34.97047,-25.156477,0
-25.968788,-12.317302,0
23.527634,-0.1923004,0
53.764923,-3.4571705,0
-7.2814193,69.53018,1
-14.457411,34.191822,1
-14.663343,38.060028,1
-7.277316,64.713875,0
-14.987665,-23.036474,1
-10.591615,63.10436,0
19.562304,-27.52684,0
0.73449296,34.749977,0
-41.552177,8.402321,0
26.6066,2.7158875,0
-14.342222,-11.614305,0
-5.2716694,35.31262,0
-15.121192,-23.1176,1
1.3518361,-30.811108,0
-4.9717703,41.542233,0
-21.308783,-4.928031,0
-9.766707,-19.439974,0
20.14632,-18.756704,0
26.146454,-4.9619412,0
3.6127853,8.170274,0
8.96203,9.656422,0
-27.26716,-28.803953,1
54.116077,0.10711465,0
18.593828,-24.687782,0
8.408284,16.254143,0
29.00003,-3.9235485,0
-17.96187,-17.45599,0
-21.15096,-18.63724,1
-10.738655,30.956436,0
-7.1065955,-43.15377,1
53.601906,-1.0702871,0
-8.634015,59.79991,0
-13.119349,-10.890302,0
-6.082951,-25.526424,0
7.2572675,-1.8851641,0
19.965899,-25.6452,0
-32.471584,-28.462791,0
30.58294,8.294298,0
-9.558889,34.311314,0
-6.151489,-12.590326,0
14.165668,16.408428,0
-30.475502,-20.596214,0
19.750824,-2.6995974,0
22.230623,7.7837853,0
-8.089013,61.029606,0
-5.350173,-30.73336,0
-5.1433344,61.092293,0
2.729157,33.326633,0
-3.5468287,-31.186647,0
-1.7471741,34.046753,0
-1.6445559,28.569843,1
-32.864483,15.756126,0
-12.023076,-16.810007,0
-12.478358,30.526327,0
-23.610884,-17.18515,1
25.366856,-19.990185,1
16.854948,-19.97988,1
-34.161213,-25.651901,0
-3.3691905,1.974735,0
-12.052565,-36.95067,0
7.3673487,19.90188,0
-3.4635372,-31.221073,0
-28.173954,-12.467855,0
-2.847205,29.687857,0
-10.5105,38.57426,0
-10.570766,38.671055,0
-11.558591,-15.489663,0
28.525583,-1.5428977,0
-7.6391735,31.832592,0
22.94226,-3.2641547,0
5.120927,17.154444,0
-30.8727,-28.308235,0
-17.678173,-21.03112,0
6.9820337,3.8291643,0
-6.285837,-11.979219,0
22.901123,4.6552367,0
-3.0855563,32.091045,0
-29.922972,-22.041388,0
-17.546303,-10.853909,0
11.071262,16.770395,0
-11.448516,-9.058017,1
-3.5609024,-0.8995763,0
31.491238,7.309992,0
-4.205372,0.59767705,0
52.649128,-2.5391686,0
-5.2230687,-33.813137,0
-10.561751,-16.881193,0
11.028203,33.480965,0
-8.444059,17.865196,0
17.930065,-22.62068,0
23.12592,-27.21517,0
-15.842967,-10.047382,0
18.151562,-19.486166,0
-10.017418,2.615318,0
-3.518017,-26.715385,0
11.681312,-25.463068,0
-14.355747,-37.37973,0
-2.5329251,68.04513,1
6.706614,15.317406,0
-8.956893,-13.744076,0
22.466427,-19.448462,0
17.524368,-1.2542868,0
19.671589,-18.346695,0
21.728037,-26.61037,0
8.49547,-7.2724423,0
16.644257,-23.973642,0
-1.7303299,26.915003,1
-4.4958415,-33.55295,0
19.07482,-24.989143,0
-32.352737,15.958913,0
3.8898537,9.02474,0
-1.8470615,37.090633,1
-25.686163,-31.412664,0
-7.2319174,-35.96542,0
-10.712908,-39.801537,0
-21.228765,-18.717592,1
-9.323602,37.680847,0
25.711975,0.38702425,0
17.007097,-30.696255,0
15.59361,-19.000172,0
56.086777,-10.911837,0
50.928665,-2.7629135,0
-5.3769684,64.95281,0
-1.1021323,-26.863255,0
-17.396711,-16.843102,0
28.244024,5.315166,0
11.649754,-16.397726,0
23.552443,0.57673645,0
4.0996976,9.994953,0
48.18728,-3.999923,0
-9.544155,16.046389,1
-1.6061697,-24.903938,0
-2.4131956,36.39127,0
-0.47178584,36.058826,0
0.40697926,-32.3142,0
-4.9871364,31.169035,0
-11.742172,-7.662876,0
-11.77586,-22.843483,0
4.2794194,14.767993,0
6.2532578,12.854039,0
-10.149259,41.534122,0
-6.3851366,65.321236,0
-5.193744,24.66452,0
26.654066,1.5019442,0
-41.280266,8.09538,0
-17.148048,-24.448246,1
-14.541629,-10.079456,0
28.487701,2.043513,0
-10.8510475,65.82023,1
-20.101297,-18.013155,1
-3.8642242,-9.710736,0
-30.873877,-25.428713,0
-9.728144,-14.037594,0
21.714651,-1.6068225,0
-7.113504,-11.0338125,0
-1.3188547,43.050343,0
-4.8265076,-25.203033,0
-4.6011386,61.464798,1
26.860619,4.0817633,0
-11.689987,-40.16674,0
-7.620035,31.502092,0
-6.66685,-34.78939,0
5.7506595,41.192314,0
-13.681459,-9.384449,0
-6.127761,61.07323,0
31.457151,9.6154175,0
-34.38229,14.566649,1
0.93858075,26.762196,1
-10.464257,-9.801177,0
51.884895,-0.22285582,0
-0.7216627,-35.520187,0
-17.89521,-12.422972,0
-32.836826,16.679134,0
16.986538,-22.18291,0
-9.159995,-11.696931,0
26.689278,-3.3194299,0
20.666803,-18.49507,0
-4.9608345,-29.167114,0
8.59446,34.79562,0
1.1743085,34.055603,0
15.234396,43.85759,1
-12.2999935,42.60133,1
-13.154226,-15.77461,0
19.978533,-13.690721,0
0.89161336,-10.401012,0
-2.067605,30.972534,0
10.919101,15.713165,0
-41.68235,9.6237335,0
-28.753586,-29.715284,0
-38.54233,9.595934,0
-35.160942,15.295135,1
-12.790935,30.93775,0
-11.860311,-36.183292,0
-2.3390043,65.73881,1
27.087606,-5.7157207,0
14.7869425,45.65263,0
-4.468589,-35.89351,0
8.39385,33.97777,0
5.6754947,44.096626,0
-9.761925,44.879616,1
-10.883325,-19.515806,0
14.099281,41.781136,1
-29.439293,-26.066418,0
26.12156,1.7629292,0
-33.611088,-25.276882,0
30.142578,1.4818008,0
-28.224348,-32.622837,1
-19.593576,-5.1616263,0
55.78333,-8.394769,0
-34.58225,-25.240604,0
-19.237038,-7.3307242,0
-5.2786274,23.972605,0
11.851171,-18.038202,0
-40.069653,8.567968,0
-10.310973,39.571087,0
-2.279905,65.2566,1
-9.185905,2.127913,0
-14.375158,-13.864293,1
11.638473,37.589718,0
2.4827352,14.554029,0
12.912728,40.896683,0
53.61153,-9.284884,0
25.97933,3.1981933,0
0.30895844,-37.904007,1
-37.353775,8.599892,0
-8.520163,41.88294,1
-3.3525612,-28.76807,0
-8.498,-28.557854,0
52.974617,-7.7024336,0
-8.859854,23.984924,0
-16.215925,-10.523659,0
27.95472,0.78362286,0
11.495321,-14.766471,0
-33.392918,17.167675,0
-17.635235,-22.220358,1
22.093445,-22.920437,1
-1.420176,39.441563,0
3.2528498,-18.517202,0
25.518354,-1.7342882,0
13.781128,35.242405,0
17.405151,-26.172455,0
-38.921665,9.2382345,1
27.930447,8.048702,1
22.440662,-0.14074826,0
-13.473036,31.260862,0
15.06091,11.750964,0
-10.500115,-10.104597,0
24.670122,-22.83361,0
23.296654,-0.60349995,0
-3.6931188,-34.657,0
8.206439,43.928913,0
-27.501583,-9.15416,0
-1.3153882,60.753574,0
-8.607167,37.43342,0
57.705593,-7.6169796,0
2.0012524,-18.598366,0
-34.317757,15.649007,1
-34.84475,16.409733,1
-5.5261927,25.26906,0
-3.5956314,0.47691283,0
-2.1862118,24.583681,0
-14.447152,-21.01694,0
-9.057413,-17.884212,0
5.070462,45.030033,0
-34.912136,-26.450005,0
-17.83781,-15.84642,0
20.720594,-23.860676,0
-41.135128,7.7197185,0
20.4268,0.12260462,0
-17.012657,-15.97529,0
5.734045,48.91142,1
3.8309467,31.443558,0
-8.563767,60.9796,0
-38.89775,9.381772,0
10.234313,13.881761,0
54.316875,-0.26025522,0
-20.36772,-30.10717,1
1.4880984,29.42535,1
4.433212,-36.041584,0
-4.83114,3.2309139,0
-32.814423,-27.969547,0
-7.62339,63.185165,0
-4.51098,65.57926,1
-19.684692,-30.744009,1
-11.823346,31.539064,0
-7.227829,-14.247819,0
-0.22254471,31.600779,0
-16.731161,-16.641315,0
-27.545748,-7.9550204,0
7.250392,-6.244099,0
20.85314,-19.241533,0
-33.099148,13.919115,0
12.436946,12.958442,0
-6.9341574,-29.765308,0
-8.047277,36.361923,0
9.318456,9.830279,0
25.8307,0.40838277,0
-35.202477,-27.060741,1
-18.905724,-16.786064,1
12.474522,41.507866,0
14.808955,38.73165,0
52.694412,-5.586352,0
-3.5239165,36.287018,0
-4.8187246,35.816402,0
-10.452857,-6.3790665,0
-7.503484,4.2082505,0
27.6473,-1.541692,0
5.336864,42.2808,0
-4.3505807,40.390594,0
-6.8971653,69.63949,1
-7.838373,24.214516,0
-30.342869,-27.995705,0
-5.594107,4.6742396,0
7.0108967,48.883236,1
-33.77297,-25.867058,0
10.296358,41.342297,0
15.193603,-18.163881,0
-2.9870713,-20.658543,0
5.449729,14.890003,0
-6.2905817,-42.46274,1
2.863485,-28.998075,0
56.874653,-7.382035,0
12.741513,45.0905,0
-34.812943,14.807418,1
-1.9316486,34.67275,0
2.1196916,-18.578333,0
1.4872761,-21.017181,0
-0.50704324,-8.025668,0
3.534565,41.918198,0
-0.7781478,35.7431,0
-11.623725,-14.807915,0
25.725174,-0.17947696,0
18.288164,-3.89867,0
6.767571,-34.656605,0
-27.13944,-21.03212,1
-5.531058,63.541237,0
-4.5638037,29.75271,0
4.9905853,41.811966,0
17.696302,-15.837798,0
2.6215153,46.36271,1
-9.999332,44.38824,1
-8.189946,-26.393192,0
25.775753,8.512003,0
27.046911,3.8845105,0
-37.354424,9.375561,0
-27.720371,16.982965,0
-8.264949,-7.4931293,0
6.0025735,40.492176,0
4.0882373,-17.150148,0
48.835865,-7.6503005,0
17.095968,-25.198229,0
24.93044,-2.5605407,0
-8.226984,0.53202915,0
-8.351496,-18.816917,0
9.547979,38.70466,0
-33.713276,15.352452,0
-11.488647,-14.148334,0
-10.469723,1.600082,0
28.394289,10.880885,0
-0.1415159,-14.787543,0
-3.2963576,28.776932,0
-6.932526,62.952892,0
21.946068,-28.803493,0
-0.061869107,-28.623463,0
-27.135046,-12.222534,0
47.943405,-6.908382,0
-13.040627,-9.047647,0
-13.715353,-32.730274,0
-13.612609,-35.451546,0
31.418352,3.3458314,0
-16.383736,-17.845602,0
-19.093145,-10.329372,0
-7.138553,63.46473,0
-11.379746,-28.5121,0
51.90785,-4.4152055,0
11.1918745,38.49405,0
48.181496,-3.93388,0
-12.155719,15.753373,0
-12.083653,63.330982,0
-11.84293,-38.645714,0
-6.2293253,66.02563,0
6.543433,9.661616,0
-0.45193973,66.35178,1
-6.2642865,32.861507,0
18.286516,-30.219967,0
25.47584,7.634312,0
-2.0602596,-41.956463,1
11.261667,14.274355,0
-27.751318,-23.266546,1
21.632616,-16.337282,0
15.633512,38.223366,0
12.628633,32.287376,0
0.80602175,34.433144,0
-28.110104,-27.604456,0
-40.272614,8.436194,0
-4.351427,30.527084,0
-0.2720345,39.953423,1
11.628135,41.27861,0
-11.21819,39.5853,0
-13.570042,-31.546124,0
24.60031,3.5738862,0
-3.889572,-34.9214,0
-8.208788,-29.393799,0
-9.387116,1.9825109,0
-10.846704,-35.325863,0
15.444893,44.21814,1
11.26106,36.91223,0
13.470475,-15.042335,0
-4.701579,67.09685,0
-15.021581,-5.931411,0
30.656422,-0.9230586,0
14.223141,-19.334824,0
-3.3356829,42.246033,0
-12.190527,-12.264043,0
